test,spec,term,estimate,std_error,p_value,df,ci_low,ci_high,n_obs,n_firms,treated_firms,control_firms,error,draw
R2,draw_1,pseudo,-0.010584062000236153,0.008263581390898528,0.20108788898404187,359,-0.026835171067831554,0.005667047067359248,3240,360,151,209,,1
R2,draw_2,pseudo,-0.012639835610419104,0.008186967897592377,0.12349428020641558,359,-0.02874027704652738,0.0034606058256891736,3240,360,151,209,,2
R2,draw_3,pseudo,-0.007146501707805476,0.008343497239859485,0.3922730012799285,359,-0.023554772799499097,0.009261769383888143,3240,360,151,209,,3
R2,draw_4,pseudo,-0.0029766393197192434,0.008337086758709943,0.7212747020596602,359,-0.019372303598046,0.013419024958607511,3240,360,151,209,,4
R2,draw_5,pseudo,0.002833842281218623,0.00832108363362313,0.7336327751976763,359,-0.013530350348327056,0.019198034910764303,3240,360,151,209,,5
R2,draw_6,pseudo,-0.004978450340451812,0.00819056121805359,0.5436860348062529,359,-0.02108595837879557,0.011129057697891947,3240,360,151,209,,6
R2,draw_7,pseudo,-0.013181839835050885,0.00826141512803325,0.11146002903067623,359,-0.02942868874322782,0.003065009073126049,3240,360,151,209,,7
R2,draw_8,pseudo,0.01794886167235466,0.008184644127558401,0.02894896023513282,359,0.0018529901483079689,0.034044733196401354,3240,360,151,209,,8
R2,draw_9,pseudo,-0.002841045526231343,0.008082503716957387,0.7254152654537012,359,-0.018736048337988927,0.01305395728552624,3240,360,151,209,,9
R2,draw_10,pseudo,-0.014009823630059964,0.008219892642410853,0.08917527333710365,359,-0.030175014669730823,0.0021553674096108956,3240,360,151,209,,10
R2,draw_11,pseudo,-0.016658451946636843,0.00813419519601601,0.04129166806343332,359,-0.03265511090774538,-0.0006617929855283027,3240,360,151,209,,11
R2,draw_12,pseudo,0.002057807844067292,0.008325023617511756,0.8049075705366308,359,-0.014314133133908667,0.01842974882204325,3240,360,151,209,,12
R2,draw_13,pseudo,0.003153073707870391,0.008277869349107127,0.7034997712638446,359,-0.013126133971721129,0.01943228138746191,3240,360,151,209,,13
R2,draw_14,pseudo,0.000669937194289153,0.008328850379921558,0.9359355279296002,359,-0.0157095294714432,0.017049403860021507,3240,360,151,209,,14
R2,draw_15,pseudo,-0.005924075904831214,0.008368625462278087,0.4794721789841235,359,-0.02238176400640015,0.010533612196737721,3240,360,151,209,,15
R2,draw_16,pseudo,-0.010340879399102835,0.008344644373269075,0.2160722771515384,359,-0.026751406436405566,0.006069647638199897,3240,360,151,209,,16
R2,draw_17,pseudo,0.011979356403067801,0.008322300081871369,0.15090049552144866,359,-0.004387228486228474,0.028345941292364077,3240,360,151,209,,17
R2,draw_18,pseudo,0.002565549085772744,0.008443129301736657,0.7614088022261175,359,-0.014038657814815874,0.01916975598636136,3240,360,151,209,,18
R2,draw_19,pseudo,0.011152397350391679,0.008245986251658241,0.17707827832985476,359,-0.0050641092230395875,0.027368903923822945,3240,360,151,209,,19
R2,draw_20,pseudo,-0.0023478140034425238,0.008372833750305028,0.7793256088564483,359,-0.018813778098733625,0.014118150091848577,3240,360,151,209,,20
R2,draw_21,pseudo,-0.009648232761055356,0.008123388990406639,0.2357327749310871,359,-0.02562364030372223,0.006327174781611522,3240,360,151,209,,21
R2,draw_22,pseudo,0.009016469975850162,0.00836091090216252,0.28157593830844496,359,-0.007426046718562949,0.02545898667026327,3240,360,151,209,,22
R2,draw_23,pseudo,0.003820099239794347,0.008320734362061403,0.6464358847793821,359,-0.012543406514415406,0.020183604994004102,3240,360,151,209,,23
R2,draw_24,pseudo,0.01448498748067903,0.008248617280738032,0.07993250000697573,359,-0.0017366932585906412,0.030706668219948705,3240,360,151,209,,24
R2,draw_25,pseudo,-0.010460849514041325,0.008256051893159805,0.2059579307022905,359,-0.026697151117029316,0.005775452088946666,3240,360,151,209,,25
R2,draw_26,pseudo,0.005966434916451517,0.008381770869955195,0.47702948217744656,359,-0.01051710486416471,0.02244997469706774,3240,360,151,209,,26
R2,draw_27,pseudo,-0.013287562482694061,0.008200055125995637,0.10601932239695265,359,-0.029413741182842377,0.0028386162174542547,3240,360,151,209,,27
R2,draw_28,pseudo,-0.0037488720858278586,0.008192767745283748,0.6475287888937266,359,-0.019860719467245967,0.012362975295590248,3240,360,151,209,,28
R2,draw_29,pseudo,-0.008733582134343634,0.008130990754718985,0.28349458996287574,359,-0.024723939260623513,0.0072567749919362455,3240,360,151,209,,29
R2,draw_30,pseudo,0.013670330320941185,0.008236603480017318,0.09784707900723341,359,-0.002527724150661579,0.02986838479254395,3240,360,151,209,,30
R2,draw_31,pseudo,0.0181261830286571,0.00809757458925649,0.02580278287326943,359,0.0022015419307992237,0.03405082412651498,3240,360,151,209,,31
R2,draw_32,pseudo,-0.005686929271250007,0.008126006895815743,0.4844785761110158,359,-0.021667485170824077,0.010293626628324065,3240,360,151,209,,32
R2,draw_33,pseudo,-0.007017167880639599,0.00831810911723875,0.399453968442039,359,-0.02337551084429597,0.009341175083016769,3240,360,151,209,,33
R2,draw_34,pseudo,-0.0026171683365391785,0.008427607386632705,0.7563252265816659,359,-0.01919084993298181,0.013956513259903453,3240,360,151,209,,34
R2,draw_35,pseudo,0.011951662104232624,0.00833084616244496,0.15226376735043937,359,-0.004431729455311353,0.028335053663776602,3240,360,151,209,,35
R2,draw_36,pseudo,0.006582860472532201,0.00825354656213875,0.4256417028523783,359,-0.009648514161657677,0.022814235106722078,3240,360,151,209,,36
R2,draw_37,pseudo,-0.01241492309889158,0.008260139682410364,0.13372026040194646,359,-0.028659263723438595,0.003829417525655434,3240,360,151,209,,37
R2,draw_38,pseudo,-0.004698701472394332,0.008231256727229234,0.5684676401361916,359,-0.020886241052377304,0.01148883810758864,3240,360,151,209,,38
R2,draw_39,pseudo,0.016542773597769726,0.008110870392216482,0.042123840100170167,359,0.0005919850544129669,0.03249356214112649,3240,360,151,209,,39
R2,draw_40,pseudo,0.007040006080719102,0.00832518000370491,0.3983235047075938,359,-0.009332242445396259,0.023412254606834465,3240,360,151,209,,40
R2,draw_41,pseudo,0.0065951303809333025,0.008287089764067933,0.42665564719415655,359,-0.009702210110823842,0.02289247087269045,3240,360,151,209,,41
R2,draw_42,pseudo,0.009612613308041022,0.008436162521560802,0.25527383137218007,359,-0.006977892764887993,0.026203119380970037,3240,360,151,209,,42
R2,draw_43,pseudo,0.01853940363449985,0.008401916797287202,0.02797676914052692,359,0.0020162449953217802,0.03506256227367792,3240,360,151,209,,43
R2,draw_44,pseudo,0.003955751077818342,0.008307807678837853,0.6342581476942639,359,-0.012382333139528526,0.02029383529516521,3240,360,151,209,,44
R2,draw_45,pseudo,0.0023033768389454164,0.008292197424037202,0.7813438990079634,359,-0.014004008345943477,0.01861076202383431,3240,360,151,209,,45
R2,draw_46,pseudo,-0.0051680128780081285,0.008323319388179472,0.5350543755279127,359,-0.021536602328910647,0.011200576572894392,3240,360,151,209,,46
R2,draw_47,pseudo,-0.010827705927366071,0.0082394927209836,0.18964389442202412,359,-0.027031442362737877,0.005376030508005733,3240,360,151,209,,47
R2,draw_48,pseudo,0.003330536474613441,0.008137640267811145,0.6825815906699115,359,-0.012672897543802589,0.01933397049302947,3240,360,151,209,,48
R2,draw_49,pseudo,-0.013861246959014738,0.008188223208865746,0.09135591411375102,359,-0.029964157082663236,0.0022416631646337577,3240,360,151,209,,49
R2,draw_50,pseudo,-0.007715655189024618,0.008128348372423554,0.34314325952792607,359,-0.023700815822301036,0.008269505444251802,3240,360,151,209,,50
R2,draw_51,pseudo,-0.009230411838220137,0.008229960687455367,0.2627983039945062,359,-0.025415402634240712,0.006954578957800439,3240,360,151,209,,51
R2,draw_52,pseudo,0.004677652196139759,0.008175533008530113,0.5675767152127636,359,-0.011400301456459618,0.020755605848739134,3240,360,151,209,,52
R2,draw_53,pseudo,-0.009724625106754127,0.00832050753600344,0.2432783135498338,359,-0.026087684786213365,0.006638434572705111,3240,360,151,209,,53
R2,draw_54,pseudo,-0.013186071558830044,0.008229791092995474,0.1099827994837288,359,-0.029370728831413916,0.00299858571375383,3240,360,151,209,,54
R2,draw_55,pseudo,-0.0059070493991722995,0.008152709986668368,0.46919982543414473,359,-0.02194011943533682,0.010126020636992219,3240,360,151,209,,55
R2,draw_56,pseudo,0.0016098735813856403,0.008225508689431048,0.8449422462911889,359,-0.014566361942309354,0.017786109105080633,3240,360,151,209,,56
R2,draw_57,pseudo,-0.0029037634562029953,0.008406366587896407,0.7299777061231956,359,-0.01943567302661747,0.013628146114211478,3240,360,151,209,,57
R2,draw_58,pseudo,-0.0009305594077315554,0.008337809835871549,0.9111972550692832,359,-0.017327645685220862,0.015466526869757751,3240,360,151,209,,58
R2,draw_59,pseudo,-0.0040518288249649405,0.008123297471454845,0.6182320082160276,359,-0.02002705638701603,0.011923398737086147,3240,360,151,209,,59
R2,draw_60,pseudo,0.006525464425160519,0.00830846224717051,0.43273723104788114,359,-0.00981390706230121,0.02286483591262225,3240,360,151,209,,60
R2,draw_61,pseudo,-0.00483510022908993,0.008372351373261746,0.5639583167297241,359,-0.021300115684611994,0.011629915226432135,3240,360,151,209,,61
R2,draw_62,pseudo,-0.009116306379504871,0.008258944769301942,0.2704148495246748,359,-0.0253582970951767,0.007125684336166961,3240,360,151,209,,62
R2,draw_63,pseudo,-0.004497275728284139,0.008330329400281623,0.5896229886109863,359,-0.020879651026490434,0.011885099569922154,3240,360,151,209,,63
R2,draw_64,pseudo,-0.007002134978884518,0.008279093478630137,0.39824940021756466,359,-0.023283750024175032,0.009279480066405995,3240,360,151,209,,64
R2,draw_65,pseudo,0.0033577726243333135,0.008163251121723617,0.6810775827389501,359,-0.012696027544128054,0.01941157279279468,3240,360,151,209,,65
R2,draw_66,pseudo,0.0054177622175874945,0.008301652009364988,0.514423763933412,359,-0.010908216297491133,0.02174374073266612,3240,360,151,209,,66
R2,draw_67,pseudo,0.0014613746866477479,0.008079456515636217,0.8565674691134122,359,-0.014427635517464461,0.017350384890759955,3240,360,151,209,,67
R2,draw_68,pseudo,-0.004595107863685143,0.008292835394880111,0.5798514496685664,359,-0.020903747678166173,0.01171353195079589,3240,360,151,209,,68
R2,draw_69,pseudo,0.005474331361037049,0.008258066794362112,0.5078154258341849,359,-0.010765932734440598,0.021714595456514697,3240,360,151,209,,69
R2,draw_70,pseudo,0.0042486626816442665,0.00824220973094272,0.6065375980389454,359,-0.011960417009042,0.020457742372330532,3240,360,151,209,,70
R2,draw_71,pseudo,0.003777280414941219,0.008165682580346759,0.6439457823780823,359,-0.012281301445308352,0.01983586227519079,3240,360,151,209,,71
R2,draw_72,pseudo,-0.0029930422213417583,0.00827050657648236,0.7176445653082676,359,-0.019257770316924244,0.013271685874240727,3240,360,151,209,,72
R2,draw_73,pseudo,-0.0015785148386457289,0.008368779621215287,0.8504976455330784,359,-0.018036506108246014,0.014879476430954556,3240,360,151,209,,73
R2,draw_74,pseudo,-0.006883975690095203,0.008134456710099094,0.3979638868399192,359,-0.02288114894321418,0.009113197563023773,3240,360,151,209,,74
R2,draw_75,pseudo,0.00038555639805639715,0.008360321173162195,0.9632423083464847,359,-0.016055800538879752,0.016826913334992543,3240,360,151,209,,75
R2,draw_76,pseudo,0.005585697744063216,0.00830172743476677,0.5014847457551365,359,-0.010740429102153311,0.021911824590279745,3240,360,151,209,,76
R2,draw_77,pseudo,-0.011248561522530265,0.008177998422298858,0.16984454038320876,359,-0.027331363642901348,0.004834240597840817,3240,360,151,209,,77
R2,draw_78,pseudo,-0.0019361437995563278,0.008259894091312074,0.8148057699465758,359,-0.018180001446138277,0.01430771384702562,3240,360,151,209,,78
R2,draw_79,pseudo,-0.015127841983505821,0.008187514413971586,0.06547224999165006,359,-0.031229358195412345,0.0009736742284007019,3240,360,151,209,,79
R2,draw_80,pseudo,-0.00439843205671695,0.008354926008674908,0.59890223468348,359,-0.02082917889587914,0.012032314782445238,3240,360,151,209,,80
R2,draw_81,pseudo,0.007498263538778879,0.008253209882247257,0.3642093755244959,359,-0.008732448982777424,0.02372897606033518,3240,360,151,209,,81
R2,draw_82,pseudo,-0.0105977075703491,0.008273156986033451,0.20102931108292518,359,-0.026867647945287364,0.005672232804589165,3240,360,151,209,,82
R2,draw_83,pseudo,-0.006771147224893552,0.008322776125523236,0.41643153400370003,359,-0.023138668298749707,0.009596373848962602,3240,360,151,209,,83
R2,draw_84,pseudo,0.007701194150283198,0.008203882011445746,0.348502772271361,359,-0.00843251047959184,0.023834898780158233,3240,360,151,209,,84
R2,draw_85,pseudo,0.001701055016047669,0.008440912837479565,0.8404022155235807,359,-0.01489879299936967,0.018300903031465008,3240,360,151,209,,85
R2,draw_86,pseudo,0.0047551800170007414,0.008350855166832713,0.5694243239322863,359,-0.01166756112927297,0.021177921163274455,3240,360,151,209,,86
R2,draw_87,pseudo,-0.0032082844816593396,0.008244039836482362,0.6973854763349643,359,-0.019420963246805343,0.013004394283486664,3240,360,151,209,,87
R2,draw_88,pseudo,0.00022113416300418068,0.008484381151939386,0.9792210310265923,359,-0.016464198376114843,0.016906466702123205,3240,360,151,209,,88
R2,draw_89,pseudo,-0.006104005619132808,0.008372764026105648,0.46645795261200435,359,-0.022569832595236095,0.010361821356970476,3240,360,151,209,,89
R2,draw_90,pseudo,0.00812999545383934,0.0083100299886409,0.3285673347793154,359,-0.008212459144494045,0.024472450052172724,3240,360,151,209,,90
R2,draw_91,pseudo,0.004462155144485097,0.008240538105951871,0.5885069212744918,359,-0.011743637138627944,0.020667947427598136,3240,360,151,209,,91
R2,draw_92,pseudo,0.0036160677471314324,0.008398453327450288,0.6670441351599213,359,-0.012900279653261721,0.020132415147524587,3240,360,151,209,,92
R2,draw_93,pseudo,-0.006309187624155522,0.008308351640383954,0.44812421224885834,359,-0.022648341592981337,0.01002996634467029,3240,360,151,209,,93
R2,draw_94,pseudo,0.011499814509902409,0.008249803983804661,0.16419488972566032,359,-0.00472419999242403,0.02772382901222885,3240,360,151,209,,94
R2,draw_95,pseudo,0.008460769750890018,0.008261107049018503,0.3064450698620424,359,-0.007785473290964158,0.024707012792744197,3240,360,151,209,,95
R2,draw_96,pseudo,-0.014303645437000292,0.008179083900742309,0.08117890846192193,359,-0.030388582252697846,0.0017812913786972601,3240,360,151,209,,96
R2,draw_97,pseudo,0.02091013996137009,0.008123334394360665,0.010450888922058955,359,0.00493483978695625,0.03688544013578393,3240,360,151,209,,97
R2,draw_98,pseudo,-0.00013328088915338273,0.008253871232425075,0.9871255437797721,359,-0.016365294017960122,0.016098732239653357,3240,360,151,209,,98
R2,draw_99,pseudo,-0.00989430160113587,0.008162095880869758,0.22622321076931187,359,-0.025945829879937377,0.006157226677665635,3240,360,151,209,,99
R2,draw_100,pseudo,-0.004990373851489183,0.00819276929207614,0.5428306327467818,359,-0.021102224274819833,0.011121476571841465,3240,360,151,209,,100
R2,draw_101,pseudo,-0.0031003880101366163,0.008305052386798874,0.7091354826978808,359,-0.01943305368686285,0.013232277666589617,3240,360,151,209,,101
R2,draw_102,pseudo,0.0034286310588191927,0.00828939022610457,0.6794017387559403,359,-0.012873233507633272,0.019730495625271658,3240,360,151,209,,102
R2,draw_103,pseudo,0.004051828073676071,0.008418201469467621,0.6305840664864062,359,-0.012503355903090556,0.0206070120504427,3240,360,151,209,,103
R2,draw_104,pseudo,-0.006148569007146842,0.008383409673314999,0.46378033176748673,359,-0.022635331648515652,0.010338193634221969,3240,360,151,209,,104
R2,draw_105,pseudo,0.011144902845715992,0.008220055623224736,0.1760091871868838,359,-0.005020608711035421,0.027310414402467405,3240,360,151,209,,105
R2,draw_106,pseudo,0.01911369332868705,0.008161943573404145,0.019736779798011105,359,0.0030624645768240963,0.035164922080550005,3240,360,151,209,,106
R2,draw_107,pseudo,0.01284512893126311,0.008313101161728665,0.12318691839112596,359,-0.003503365417446511,0.029193623279972734,3240,360,151,209,,107
R2,draw_108,pseudo,-0.0028250245696037025,0.008371333555343623,0.7359642911564337,359,-0.019288038390578233,0.013637989251370827,3240,360,151,209,,108
R2,draw_109,pseudo,0.004743992882602534,0.008339426274377866,0.5698046654860687,359,-0.011656272273054071,0.02114425803825914,3240,360,151,209,,109
R2,draw_110,pseudo,0.0037422932531660244,0.0083680810289683,0.6549928124857689,359,-0.012714324169156365,0.020198910675488412,3240,360,151,209,,110
R2,draw_111,pseudo,0.0010634099408347944,0.008338408204416104,0.8985911253760581,359,-0.015334853084606784,0.017461672966276372,3240,360,151,209,,111
R2,draw_112,pseudo,-0.008702788527763001,0.008248557935666886,0.29210380334981645,359,-0.024924352559375522,0.007518775503849521,3240,360,151,209,,112
R2,draw_113,pseudo,0.011478847959133577,0.008256998712558276,0.16533062309832078,359,-0.004759315653143607,0.02771701157141076,3240,360,151,209,,113
R2,draw_114,pseudo,0.003798811516946787,0.00835367698765133,0.6495659493308509,359,-0.012629479005042285,0.02022710203893586,3240,360,151,209,,114
R2,draw_115,pseudo,0.0022258730818734917,0.008315248820909095,0.789094994603287,359,-0.014126844840360754,0.018578591004107737,3240,360,151,209,,115
R2,draw_116,pseudo,0.008218140515474669,0.008312284926408451,0.32348851260768824,359,-0.008128748629802427,0.024565029660751764,3240,360,151,209,,116
R2,draw_117,pseudo,-0.0024524493431216004,0.008192022644388711,0.7648306609108516,359,-0.018562831413636502,0.013657932727393303,3240,360,151,209,,117
R2,draw_118,pseudo,0.012573632196085248,0.008275607038351354,0.12955189978323706,359,-0.00370112643688862,0.028848390829059115,3240,360,151,209,,118
R2,draw_119,pseudo,-0.004537575121917366,0.008376491659168829,0.5883587866747924,359,-0.021010732838604926,0.011935582594770192,3240,360,151,209,,119
R2,draw_120,pseudo,-0.0023323181147616033,0.008377123310245038,0.780853975354018,359,-0.01880671803262642,0.014142081803103213,3240,360,151,209,,120
R2,draw_121,pseudo,-0.0015966264125119292,0.008317173993732057,0.8478762632600993,359,-0.017953130367948968,0.01475987754292511,3240,360,151,209,,121
R2,draw_122,pseudo,0.010618552120580894,0.008384269291914541,0.2061605700233793,359,-0.005869901041514572,0.027107005282676358,3240,360,151,209,,122
R2,draw_123,pseudo,0.005045155207326781,0.008425341522341439,0.5496791038584492,359,-0.011524070354136842,0.021614380768790402,3240,360,151,209,,123
R2,draw_124,pseudo,0.009133999506985012,0.008400002547075574,0.2775981636448704,359,-0.007385394579331501,0.025653393593301523,3240,360,151,209,,124
R2,draw_125,pseudo,-0.004727104966934732,0.008272906366615521,0.5680888365837952,359,-0.020996552475245008,0.011542342541375542,3240,360,151,209,,125
R2,draw_126,pseudo,-0.0038720651513232487,0.008217915655326674,0.63780293449285,359,-0.020033368260179315,0.012289237957532817,3240,360,151,209,,126
R2,draw_127,pseudo,-0.002274824095852134,0.008239519364804012,0.7826401159944134,359,-0.01847861292879964,0.013928964737095373,3240,360,151,209,,127
R2,draw_128,pseudo,0.004890233560584235,0.008252801265491421,0.5538524576296865,359,-0.011339675377737168,0.02112014249890564,3240,360,151,209,,128
R2,draw_129,pseudo,0.0022653139597117126,0.008277852539896786,0.784503589645762,359,-0.014013860662988651,0.018544488582412075,3240,360,151,209,,129
R2,draw_130,pseudo,-0.0006251648259792065,0.008355657480905256,0.9404001223984587,359,-0.01705735017399524,0.01580702052203683,3240,360,151,209,,130
R2,draw_131,pseudo,0.0028265442794242757,0.00823823772765066,0.7317236040360235,359,-0.013374724093667027,0.019027812652515578,3240,360,151,209,,131
R2,draw_132,pseudo,0.0035476854871972323,0.00836723618301697,0.6718217295855677,359,-0.012907270466198922,0.020002641440593386,3240,360,151,209,,132
R2,draw_133,pseudo,-0.010662677378003289,0.008212650445491427,0.19500960492165426,359,-0.026813625957116283,0.005488271201109703,3240,360,151,209,,133
R2,draw_134,pseudo,0.0031099408210608164,0.008275460214945931,0.7072854959660986,359,-0.013164529069894024,0.019384410712015656,3240,360,151,209,,134
R2,draw_135,pseudo,0.002128936778129624,0.008368925215535993,0.7993430703547402,359,-0.014329340816379134,0.018587214372638383,3240,360,151,209,,135
R2,draw_136,pseudo,0.008681829549335378,0.008300985809903365,0.2963204242323906,359,-0.00764283882192068,0.025006497920591435,3240,360,151,209,,136
R2,draw_137,pseudo,-0.008161410963123186,0.008168318981599906,0.3183929283983633,359,-0.024225177554094722,0.00790235562784835,3240,360,151,209,,137
R2,draw_138,pseudo,0.008016888036959657,0.008188088551412662,0.32819408725293603,359,-0.00808575727015793,0.024119533344077244,3240,360,151,209,,138
R2,draw_139,pseudo,-0.0023283331482224774,0.008322850752377816,0.7798289838011842,359,-0.01869600098279844,0.014039334686353485,3240,360,151,209,,139
R2,draw_140,pseudo,0.0029593220630074065,0.008286759817742234,0.7212159187933322,359,-0.013337369558305832,0.019256013684320644,3240,360,151,209,,140
R2,draw_141,pseudo,-0.006724643369504297,0.008329823109327549,0.42002978220292314,359,-0.02310602299898956,0.009656736259980966,3240,360,151,209,,141
R2,draw_142,pseudo,-0.011340162091788389,0.008191546642942667,0.16710393194550346,359,-0.02744960806074513,0.004769283877168353,3240,360,151,209,,142
R2,draw_143,pseudo,-0.007944536890436848,0.008381540072960297,0.3438376947050864,359,-0.024427622787082055,0.00853854900620836,3240,360,151,209,,143
R2,draw_144,pseudo,-0.007850390399437142,0.008200421278861116,0.33905226273715433,359,-0.023977289173591005,0.008276508374716721,3240,360,151,209,,144
R2,draw_145,pseudo,-0.0030352210730477734,0.008146041024806589,0.7096654806574278,359,-0.01905517596924371,0.012984733823148163,3240,360,151,209,,145
R2,draw_146,pseudo,-0.006604081038065373,0.008258756319180598,0.42444473246703324,359,-0.022845701148870995,0.00963753907274025,3240,360,151,209,,146
R2,draw_147,pseudo,-0.013228897204216326,0.008202447180700663,0.10766689564098915,359,-0.029359780104646356,0.0029019856962137058,3240,360,151,209,,147
R2,draw_148,pseudo,0.00135519569559993,0.008321402362289817,0.8707229365856778,359,-0.01500962374380945,0.017720015135009308,3240,360,151,209,,148
R2,draw_149,pseudo,0.01779951560718694,0.008205252977618895,0.03071692258561618,359,0.0016631148435469062,0.03393591637082698,3240,360,151,209,,149
R2,draw_150,pseudo,0.008035501236553198,0.008194937916132872,0.32747774014243036,359,-0.008080613989700718,0.024151616462807113,3240,360,151,209,,150
R2,draw_151,pseudo,-0.001656147414521156,0.008361804114265138,0.8431094296853442,359,-0.01810042069444042,0.014788125865398108,3240,360,151,209,,151
R2,draw_152,pseudo,-0.0116659595885581,0.008298869192140986,0.1606695192112008,359,-0.027986465432154092,0.004654546255037891,3240,360,151,209,,152
R2,draw_153,pseudo,0.006257779219939704,0.008306817393471654,0.4517450598207304,359,-0.010078357508209339,0.022593915948088746,3240,360,151,209,,153
R2,draw_154,pseudo,-0.008506133117192012,0.00836690628764777,0.31000928342644896,359,-0.024960440300355,0.007948174065970978,3240,360,151,209,,154
R2,draw_155,pseudo,-0.009446962967302313,0.00830301219294338,0.2559730504764744,359,-0.02577561641116046,0.006881690476555834,3240,360,151,209,,155
R2,draw_156,pseudo,-0.016166284513930092,0.008195522680480915,0.049310961654243285,359,-0.03228354973420589,-4.9019293654292695e-05,3240,360,151,209,,156
R2,draw_157,pseudo,-0.0046279976488397415,0.008358380887102246,0.5801319595332768,359,-0.021065538830972855,0.011809543533293373,3240,360,151,209,,157
R2,draw_158,pseudo,0.006816844356385751,0.008329720212817913,0.41368530584305147,359,-0.009564332917447446,0.023198021630218946,3240,360,151,209,,158
R2,draw_159,pseudo,-0.0069208668252972215,0.008229235153002971,0.4009022968862355,359,-0.023104430789662074,0.009262697139067633,3240,360,151,209,,159
R2,draw_160,pseudo,-0.0019247399260055038,0.00831907903369385,0.8171634175749033,359,-0.018284990321482612,0.014435510469471606,3240,360,151,209,,160
R2,draw_161,pseudo,-0.0023942447170340214,0.008122662303295778,0.768346776096615,359,-0.018368223161234026,0.013579733727165982,3240,360,151,209,,161
R2,draw_162,pseudo,-0.0025788470259668693,0.008135198569849776,0.7514288861870989,359,-0.01857747921597421,0.013419785164040472,3240,360,151,209,,162
R2,draw_163,pseudo,0.0173274486495078,0.008142472605376126,0.034015142278792175,359,0.0013145113853312296,0.03334038591368437,3240,360,151,209,,163
R2,draw_164,pseudo,0.00495951235067146,0.008180393336929565,0.5447198256721122,359,-0.011127999594293843,0.021047024295636763,3240,360,151,209,,164
R2,draw_165,pseudo,0.01270939536931005,0.008213994114273562,0.12267542810414185,359,-0.003444195660684258,0.028862986399304357,3240,360,151,209,,165
R2,draw_166,pseudo,-0.0014019412188048734,0.008329931593474817,0.8664407532029096,359,-0.0177835341925565,0.014979651754946751,3240,360,151,209,,166
R2,draw_167,pseudo,0.01303243915945456,0.008244510430469547,0.1148177828574716,359,-0.00318116507297379,0.02924604339188291,3240,360,151,209,,167
R2,draw_168,pseudo,-0.005224836854458143,0.008387941996538256,0.5337466780607989,359,-0.02172051273520182,0.011270839026285534,3240,360,151,209,,168
R2,draw_169,pseudo,-0.004415016732068944,0.008391423371197006,0.5991196792128591,359,-0.02091753906311162,0.01208750559897373,3240,360,151,209,,169
R2,draw_170,pseudo,0.007622053689951124,0.008268232083027816,0.35722692418590474,359,-0.008638201400592162,0.02388230878049441,3240,360,151,209,,170
R2,draw_171,pseudo,-0.013131680769987652,0.008275379270653563,0.11342984661024352,359,-0.029405991476387824,0.0031426299364125197,3240,360,151,209,,171
R2,draw_172,pseudo,0.0035440750761376993,0.008382551881875162,0.672700224504065,359,-0.01294100063778566,0.02002915079006106,3240,360,151,209,,172
R2,draw_173,pseudo,0.005196236857102298,0.008418794497950235,0.5374817899335472,359,-0.011360113365883162,0.02175258708008776,3240,360,151,209,,173
R2,draw_174,pseudo,0.009617137441115519,0.008352938744465948,0.25035540838332976,359,-0.0068097012563005845,0.02604397613853162,3240,360,151,209,,174
R2,draw_175,pseudo,-0.014234058872287625,0.008110973691691264,0.08012707497852076,359,-0.03018505056376526,0.0017169328191900118,3240,360,151,209,,175
R2,draw_176,pseudo,0.008589156804716055,0.008385795780617274,0.3064065649316871,359,-0.007902298340808276,0.025080611950240386,3240,360,151,209,,176
R2,draw_177,pseudo,-0.014092243592502355,0.008336459496065946,0.09181275785168944,359,-0.030486674299916035,0.002302187114911326,3240,360,151,209,,177
R2,draw_178,pseudo,0.0101245122261714,0.008353915837745939,0.22632930318005723,359,-0.006304248016965764,0.026553272469308564,3240,360,151,209,,178
R2,draw_179,pseudo,-0.009215841111509828,0.0082644279539318,0.26554428591288787,359,-0.0254686150248344,0.007036932801814742,3240,360,151,209,,179
R2,draw_180,pseudo,0.011819101740770629,0.008174861341789075,0.14910957723695942,359,-0.004257531016087621,0.02789573449762888,3240,360,151,209,,180
R2,draw_181,pseudo,-0.0022602139580797987,0.008272760503379165,0.7848476813256711,359,-0.018529374612633716,0.014008946696474118,3240,360,151,209,,181
R2,draw_182,pseudo,0.008918745695375865,0.008308025248256884,0.2837635266757689,359,-0.007419766392671516,0.025257257783423248,3240,360,151,209,,182
R2,draw_183,pseudo,-0.006588614757609295,0.008103425924965053,0.41671947621765093,359,-0.022524763056799478,0.00934753354158089,3240,360,151,209,,183
R2,draw_184,pseudo,-0.005719159733556747,0.008230741244631133,0.4875965530407505,359,-0.02190568556858727,0.010467366101473773,3240,360,151,209,,184
R2,draw_185,pseudo,-0.00017585623024039742,0.008404189414358552,0.9833172448553089,359,-0.016703484184373858,0.01635177172389306,3240,360,151,209,,185
R2,draw_186,pseudo,-0.009753616440292942,0.008268270484116862,0.23892292036560903,359,-0.02601394705018515,0.006506714169599267,3240,360,151,209,,186
R2,draw_187,pseudo,-0.0007307267580253706,0.008307739487950992,0.9299596161512246,359,-0.017068676871587526,0.015607223355536786,3240,360,151,209,,187
R2,draw_188,pseudo,0.002685631187222635,0.008269089574134518,0.7455370949550739,359,-0.013576310240132783,0.01894757261457805,3240,360,151,209,,188
R2,draw_189,pseudo,0.010500658790323043,0.008297003199624921,0.20647830124793434,359,-0.005816177403702934,0.02681749498434902,3240,360,151,209,,189
R2,draw_190,pseudo,0.002723036153537833,0.008406425742183333,0.7461848251863648,359,-0.0138089897493387,0.019255062056414366,3240,360,151,209,,190
R2,draw_191,pseudo,-0.007005591821828778,0.008311148501459134,0.3998372119230332,359,-0.023350246080689818,0.009339062437032263,3240,360,151,209,,191
R2,draw_192,pseudo,-0.0031740820156808884,0.008162021389537614,0.6975922789162949,359,-0.019225463800280184,0.012877299768918406,3240,360,151,209,,192
R2,draw_193,pseudo,-0.001280404464799275,0.00828349957249496,0.877244906267604,359,-0.017570684507573583,0.015009875577975035,3240,360,151,209,,193
R2,draw_194,pseudo,0.006844409938836285,0.008317150466589814,0.4110956384837959,359,-0.009512047748265445,0.023200867625938017,3240,360,151,209,,194
R2,draw_195,pseudo,-0.005390394728027871,0.008182963242515646,0.5104889612958673,359,-0.021482960633739397,0.010702171177683656,3240,360,151,209,,195
R2,draw_196,pseudo,-0.007198318205332832,0.008109940376531337,0.37535451294904865,359,-0.023147277785481153,0.008750641374815488,3240,360,151,209,,196
R2,draw_197,pseudo,-0.012158245709258083,0.008307670317966415,0.14420658905058623,359,-0.028496059793547898,0.004179568375031731,3240,360,151,209,,197
R2,draw_198,pseudo,-0.0015123818654483642,0.008351790006635766,0.8564032378403884,359,-0.01793696146201155,0.014912197731114818,3240,360,151,209,,198
R2,draw_199,pseudo,-0.003533873628261705,0.008261340740453767,0.6690821200861481,359,-0.019780576246275782,0.012712828989752371,3240,360,151,209,,199
R2,draw_200,pseudo,0.012997775938064999,0.008403406783501308,0.12281014158134156,359,-0.0035283128989690906,0.029523864775099086,3240,360,151,209,,200
R2,draw_201,pseudo,-0.005519088070971573,0.008242795363001633,0.503565467178515,359,-0.02172931946211466,0.010691143320171511,3240,360,151,209,,201
R2,draw_202,pseudo,-0.0037137417865138063,0.00835137506775251,0.6568144659084069,359,-0.02013750536678463,0.012710021793757019,3240,360,151,209,,202
R2,draw_203,pseudo,0.008157147010311352,0.008214085446671706,0.32134558290810383,359,-0.007996623633423468,0.024310917654046173,3240,360,151,209,,203
R2,draw_204,pseudo,0.015007313464526766,0.00840515255767787,0.07502597180772741,359,-0.0015222086014196647,0.03153683553047319,3240,360,151,209,,204
R2,draw_205,pseudo,-0.004661739898666328,0.008331990770188997,0.5761701530185773,359,-0.021047382436860853,0.011723902639528199,3240,360,151,209,,205
R2,draw_206,pseudo,0.006234208791736932,0.008453504047554393,0.461318080760196,359,-0.010390401021082733,0.022858818604556595,3240,360,151,209,,206
R2,draw_207,pseudo,0.0006373965600293754,0.008330786117952833,0.9390552042986015,359,-0.01574587691638039,0.01702067003643914,3240,360,151,209,,207
R2,draw_208,pseudo,0.01488933897059075,0.008110989754865254,0.06722908288758178,359,-0.0010616843106274806,0.03084036225180898,3240,360,151,209,,208
R2,draw_209,pseudo,0.00011594711144157874,0.008315386132812085,0.9888826563840702,359,-0.01623704084754867,0.01646893507043183,3240,360,151,209,,209
R2,draw_210,pseudo,-0.011097841156321323,0.00815832181725556,0.17458557966858815,359,-0.02714194738449839,0.004946265071855747,3240,360,151,209,,210
R2,draw_211,pseudo,-0.001553824106558012,0.008316897173136639,0.8519015126940015,359,-0.01790978366829025,0.01480213545517423,3240,360,151,209,,211
R2,draw_212,pseudo,-0.0018681614648652877,0.008368929027702122,0.8234866796515168,359,-0.01832644655635685,0.014590123626626273,3240,360,151,209,,212
R2,draw_213,pseudo,-0.010858973913467325,0.008272595096909719,0.19014139901198812,359,-0.027127809280661157,0.005409861453726508,3240,360,151,209,,213
R2,draw_214,pseudo,-0.009880780067766692,0.008342880279862783,0.23706327939991034,359,-0.026287837849670953,0.006526277714137567,3240,360,151,209,,214
R2,draw_215,pseudo,0.00043218144901681024,0.008165423148655157,0.9578185256128301,359,-0.015625890214440795,0.016490253112474415,3240,360,151,209,,215
R2,draw_216,pseudo,0.0012401507523542177,0.008279095063101614,0.8810120246909481,359,-0.015041467408948296,0.017521768913656734,3240,360,151,209,,216
R2,draw_217,pseudo,-0.004857069578022682,0.00832002643794566,0.5597345678998823,359,-0.021219183132958015,0.011505043976912653,3240,360,151,209,,217
R2,draw_218,pseudo,-0.0008175566557582148,0.008316046878051833,0.9217404237228551,359,-0.017171844032331365,0.015536730720814934,3240,360,151,209,,218
R2,draw_219,pseudo,-0.002684198754984024,0.008267660808388914,0.7456256782427569,359,-0.018943330380285648,0.013574932870317599,3240,360,151,209,,219
R2,draw_220,pseudo,0.00031721308249978684,0.008298327420378997,0.9695286216215889,359,-0.01600222731603342,0.016636653481032996,3240,360,151,209,,220
R2,draw_221,pseudo,0.007265699259447266,0.008359133597636185,0.38532238208182706,359,-0.009173322198658788,0.02370472071755332,3240,360,151,209,,221
R2,draw_222,pseudo,0.005805168096591177,0.00820003407713199,0.47943915743175963,359,-0.010320969208989497,0.02193130540217185,3240,360,151,209,,222
R2,draw_223,pseudo,-0.002866373902212842,0.008312175162129832,0.7304162857469925,359,-0.019213047185725023,0.01348029938129934,3240,360,151,209,,223
R2,draw_224,pseudo,-0.004086672661535231,0.008371085265787954,0.6257139357146445,359,-0.020549198197774773,0.01237585287470431,3240,360,151,209,,224
R2,draw_225,pseudo,-0.0008086172085332107,0.008224262010280816,0.9217323203632605,359,-0.016982401020569016,0.015365166603502596,3240,360,151,209,,225
R2,draw_226,pseudo,0.0038292948092347595,0.008417580811221737,0.6494444191844551,359,-0.012724668584788084,0.020383258203257603,3240,360,151,209,,226
R2,draw_227,pseudo,0.002190088658751409,0.008386369565533293,0.794127661816947,359,-0.014302494888710349,0.01868267220621317,3240,360,151,209,,227
R2,draw_228,pseudo,-0.003883129428272507,0.008267819327800753,0.6388774407256735,359,-0.020142572796888466,0.012376313940343452,3240,360,151,209,,228
R2,draw_229,pseudo,-0.004323255233349622,0.008240638754220745,0.600166842332327,359,-0.020529245450738077,0.011882734984038832,3240,360,151,209,,229
R2,draw_230,pseudo,0.0021302777296194784,0.008293173244510994,0.7974253209618117,359,-0.014179026497897523,0.01843958195713648,3240,360,151,209,,230
R2,draw_231,pseudo,0.003710400321285925,0.008463703309632859,0.6613674958226642,359,-0.012934267298506958,0.020355067941078806,3240,360,151,209,,231
R2,draw_232,pseudo,0.002590906778621089,0.008240051059990261,0.7533782738561984,359,-0.013613927682856436,0.018795741240098612,3240,360,151,209,,232
R2,draw_233,pseudo,0.001369900360717009,0.008310501730910174,0.8691629551614434,359,-0.01497348196310332,0.017713282684537337,3240,360,151,209,,233
R2,draw_234,pseudo,0.006512867601943266,0.008341382011255682,0.43544055771725926,359,-0.00989124369400112,0.02291697889788765,3240,360,151,209,,234
R2,draw_235,pseudo,-0.005705560790146479,0.008353862759528444,0.4950569904485955,359,-0.02213421664998289,0.010723095069689933,3240,360,151,209,,235
R2,draw_236,pseudo,-0.00385751997787271,0.00826500918965259,0.6409768447684163,359,-0.020111436945842203,0.012396396990096783,3240,360,151,209,,236
R2,draw_237,pseudo,-0.004066902901303727,0.008163070973310833,0.6186428900499317,359,-0.020120348790988615,0.011986542988381161,3240,360,151,209,,237
R2,draw_238,pseudo,0.011387260935041247,0.008176893290583374,0.16459824814251725,359,-0.00469336783999773,0.027467889710080226,3240,360,151,209,,238
R2,draw_239,pseudo,0.003268363996742912,0.008308765833379552,0.6942846331805277,359,-0.01307160452151711,0.019608332515002935,3240,360,151,209,,239
R2,draw_240,pseudo,0.0021056778077844897,0.008292174246267466,0.7996907255759305,359,-0.014201661795842948,0.018413017411411926,3240,360,151,209,,240
R2,draw_241,pseudo,0.013658145186420244,0.008242073331095433,0.09836782471022748,359,-0.0025506662611532345,0.029866956633993722,3240,360,151,209,,241
R2,draw_242,pseudo,-0.005031076661014925,0.008226261174283786,0.5411979491663242,359,-0.021208792016859577,0.011146638694829725,3240,360,151,209,,242
R2,draw_243,pseudo,-0.0001375215630089744,0.008288484032651453,0.9867714165416979,359,-0.016437604014910092,0.016162560888892143,3240,360,151,209,,243
R2,draw_244,pseudo,-0.002660334107482774,0.008233445372815965,0.7467977038337934,359,-0.018852177864608532,0.013531509649642986,3240,360,151,209,,244
R2,draw_245,pseudo,0.005153630548729656,0.00813399486778395,0.5267508505554855,359,-0.010842634448092154,0.021149895545551464,3240,360,151,209,,245
R2,draw_246,pseudo,0.010747031038230473,0.008337815567241252,0.19824525215722838,359,-0.005650066510535746,0.02714412858699669,3240,360,151,209,,246
R2,draw_247,pseudo,0.001398686841433083,0.008345539062858053,0.8669947444113726,359,-0.015013599686991518,0.017810973369857683,3240,360,151,209,,247
R2,draw_248,pseudo,0.0044499049958246755,0.008333469328914416,0.5936859339142229,359,-0.011938645266995894,0.020838455258645243,3240,360,151,209,,248
R2,draw_249,pseudo,-0.0037935979661800545,0.008443128422632456,0.6534778137276459,359,-0.02039780313792768,0.012810607205567568,3240,360,151,209,,249
R2,draw_250,pseudo,-0.011258592765018366,0.008280833924744432,0.17481096493902684,359,-0.027543630561086264,0.005026445031049532,3240,360,151,209,,250
R2,draw_251,pseudo,-0.002945915315043425,0.008343768823521518,0.7242449007925305,359,-0.019354720501520397,0.013462889871433546,3240,360,151,209,,251
R2,draw_252,pseudo,-0.01788691462192899,0.008398937419595541,0.033879162779125775,359,-0.034404214035000324,-0.0013696152088576614,3240,360,151,209,,252
R2,draw_253,pseudo,0.009497010722050085,0.00814313466769086,0.24428359650347703,359,-0.0065172285498610715,0.02551124999396124,3240,360,151,209,,253
R2,draw_254,pseudo,0.004475240390516667,0.008262948682351272,0.5884277670219787,359,-0.011774624396285328,0.02072510517731866,3240,360,151,209,,254
R2,draw_255,pseudo,0.0164840809404439,0.00809517491320251,0.04245530315141117,359,0.0005641590309663908,0.03240400284992141,3240,360,151,209,,255
R2,draw_256,pseudo,-0.012762406124491997,0.008231284800049815,0.12190848870455356,359,-0.02895000091231374,0.0034251886633297444,3240,360,151,209,,256
R2,draw_257,pseudo,0.00024842288106428093,0.008119573913680123,0.9756090878373884,359,-0.015719481954840107,0.01621632771696867,3240,360,151,209,,257
R2,draw_258,pseudo,-0.0030768387705284706,0.008328339573339182,0.7120160824569451,359,-0.01945530088713255,0.01330162334607561,3240,360,151,209,,258
R2,draw_259,pseudo,-0.008233773255696583,0.008300599166905199,0.3218903764433673,359,-0.02455768125717637,0.0080901347457832,3240,360,151,209,,259
R2,draw_260,pseudo,0.006939472156496184,0.008300901154969927,0.4037164718084064,359,-0.009385029732880969,0.02326397404587334,3240,360,151,209,,260
R2,draw_261,pseudo,0.002619012242254818,0.00832293245048326,0.7531918275933673,359,-0.013748816259320038,0.018986840743829673,3240,360,151,209,,261
R2,draw_262,pseudo,0.0113534297148495,0.008331472499897685,0.17382626852210595,359,-0.005031193596132005,0.027738053025831006,3240,360,151,209,,262
R2,draw_263,pseudo,0.011032133046926388,0.008311213533850153,0.18522672754427089,359,-0.005312649104240589,0.027376915198093363,3240,360,151,209,,263
R2,draw_264,pseudo,0.0011697113463761846,0.008420203880612941,0.8895934533908234,359,-0.01538941056000975,0.01772883325276212,3240,360,151,209,,264
R2,draw_265,pseudo,0.007757181170185038,0.008333952928984097,0.3525863801130615,359,-0.008632320137600867,0.024146682477970943,3240,360,151,209,,265
R2,draw_266,pseudo,-0.000349488423226235,0.008262188448149268,0.9662832683187507,359,-0.016597858138055283,0.015898881291602815,3240,360,151,209,,266
R2,draw_267,pseudo,0.00225495207960357,0.008165357840549333,0.7825834411395065,359,-0.013802991149329034,0.018312895308536175,3240,360,151,209,,267
R2,draw_268,pseudo,0.013011836758967608,0.008320789999569249,0.1187516411976551,359,-0.003351778411627789,0.029375451929563007,3240,360,151,209,,268
R2,draw_269,pseudo,-0.0036704293578129444,0.008203519149898248,0.6548407229854765,359,-0.019803420386368422,0.012462561670742531,3240,360,151,209,,269
R2,draw_270,pseudo,0.009492566326841385,0.008278259467877472,0.252274995530349,359,-0.006787408557958903,0.025772541211641672,3240,360,151,209,,270
R2,draw_271,pseudo,-0.004723773941400507,0.008407742454374744,0.5745782226903078,359,-0.021258389282490454,0.01181084139968944,3240,360,151,209,,271
R2,draw_272,pseudo,0.005094429883222444,0.00818756264120468,0.5341950302682517,359,-0.011007181172068316,0.021196040938513204,3240,360,151,209,,272
R2,draw_273,pseudo,0.0033660044779913654,0.008299550790870686,0.685304096369498,359,-0.01295584179353444,0.01968785074951717,3240,360,151,209,,273
R2,draw_274,pseudo,9.617347763645907e-05,0.00827770082892567,0.9907365358551883,359,-0.016182702791187813,0.016375049746460733,3240,360,151,209,,274
R2,draw_275,pseudo,-0.0015714724582500254,0.008304362509755874,0.8500159137433448,359,-0.017902781426965688,0.014759836510465637,3240,360,151,209,,275
R2,draw_276,pseudo,-0.004650755998306908,0.00824208539247854,0.5729232059229638,359,-0.020859591165723286,0.011558079169109468,3240,360,151,209,,276
R2,draw_277,pseudo,0.0017194972493770565,0.008172393558052595,0.8334724097512582,359,-0.014352282378945312,0.017791276877699425,3240,360,151,209,,277
R2,draw_278,pseudo,0.00691271245280039,0.008246280388825567,0.4024298452053275,359,-0.009304372569001011,0.02312979747460179,3240,360,151,209,,278
R2,draw_279,pseudo,9.416655233326683e-05,0.008295102947313598,0.9909488624587488,359,-0.01621893261701703,0.01640726572168356,3240,360,151,209,,279
R2,draw_280,pseudo,-0.008664508989699522,0.008154600729237049,0.28870930259908345,359,-0.024701297348737487,0.007372279369338444,3240,360,151,209,,280
R2,draw_281,pseudo,0.0018203921809366447,0.008300869027352786,0.82653990419948,359,-0.014504046526463404,0.018144830888336693,3240,360,151,209,,281
R2,draw_282,pseudo,0.0013519744853796691,0.008342953892004075,0.8713577588706565,359,-0.015055228061715404,0.017759177032474743,3240,360,151,209,,282
R2,draw_283,pseudo,0.0037989530491200165,0.008396252240855771,0.651212223299033,359,-0.01271306570771986,0.020310971805959893,3240,360,151,209,,283
R2,draw_284,pseudo,0.0033601099997709587,0.008268762486740175,0.6847188390836783,359,-0.01290118817949762,0.01962140817903954,3240,360,151,209,,284
R2,draw_285,pseudo,0.011302642774847405,0.008326056974841664,0.1754743359040087,359,-0.005071330397389098,0.027676615947083906,3240,360,151,209,,285
R2,draw_286,pseudo,0.010546783638178476,0.008382997025048808,0.20916742217304637,359,-0.005939167491611615,0.027032734767968566,3240,360,151,209,,286
R2,draw_287,pseudo,0.0006711106528131233,0.008248377580899566,0.9351988155176342,359,-0.015550098694207337,0.016892319999833583,3240,360,151,209,,287
R2,draw_288,pseudo,-0.009650144006831706,0.008269996646870042,0.2440308862966463,359,-0.02591386927792992,0.006613581264266507,3240,360,151,209,,288
R2,draw_289,pseudo,-0.005044070895108248,0.008240018246756535,0.5408305392133633,359,-0.021248840826279248,0.01116069903606275,3240,360,151,209,,289
R2,draw_290,pseudo,-0.005504112886970723,0.008284994179222268,0.5068945756642653,359,-0.021797332214274302,0.010789106440332858,3240,360,151,209,,290
R2,draw_291,pseudo,-0.008940855424117261,0.008274787295606423,0.2806477201681399,359,-0.02521400195597842,0.007332291107743897,3240,360,151,209,,291
R2,draw_292,pseudo,-0.006992614539195998,0.008304271429952749,0.4003203682355724,359,-0.023323744390922982,0.009338515312530986,3240,360,151,209,,292
R2,draw_293,pseudo,-0.0009169807841955694,0.008264312400323005,0.9117126926109804,359,-0.0171695274504936,0.015335565882102461,3240,360,151,209,,293
R2,draw_294,pseudo,0.0007410170576587755,0.00838467398026157,0.9296258717431044,359,-0.01574823196208664,0.017230266077404195,3240,360,151,209,,294
R2,draw_295,pseudo,0.008697461829152153,0.008363165958444994,0.2990526085464687,359,-0.007749489645275397,0.025144413303579704,3240,360,151,209,,295
R2,draw_296,pseudo,0.0008142856346979178,0.00828045351048382,0.9217185575389516,359,-0.01547000404099122,0.017098575310387054,3240,360,151,209,,296
R2,draw_297,pseudo,0.0016689963688269025,0.008269531796101482,0.8401680284932744,359,-0.014593814729567892,0.017931807467221696,3240,360,151,209,,297
R2,draw_298,pseudo,0.011029789233232182,0.008209371721894423,0.17993909056944882,359,-0.005114711427931323,0.027174289894395687,3240,360,151,209,,298
R2,draw_299,pseudo,-0.0012330980814756077,0.008394219631364108,0.8832946122945498,359,-0.017741119520811324,0.01527492335786011,3240,360,151,209,,299
R2,draw_300,pseudo,-0.01076522467725816,0.00825481940697509,0.19303027280022791,359,-0.026999102480386908,0.005468653125870589,3240,360,151,209,,300
