test,spec,term,estimate,std_error,p_value,df,ci_low,ci_high,n_obs,n_firms,treated_firms,control_firms,p_holm
T2,industry_group0,digital,0.12491594751819346,0.009812527534793848,5.05934937771628e-21,81,0.10539209568366986,0.14443979935271706,738,82,35,47,
T2,industry_group1,digital,0.12354072903279492,0.008711021067014515,3.468421567024857e-25,95,0.10624716571794682,0.14083429234764303,864,96,41,55,
T2,industry_difference,diff,-0.0013752184853987864,0.013085752494321595,0.9164211636542311,177,-0.02719939098359181,0.024448954012794233,1602,178,76,102,1.0
T2,ownership_group0,digital,0.12243354312040666,0.005319470422904706,9.732727647894913e-68,294,0.1119644758958739,0.13290261034493944,2655,295,120,175,
T2,ownership_group1,digital,0.11373031476400604,0.010252968114783436,1.5151158308464255e-16,64,0.09324765631632939,0.13421297321168268,585,65,31,34,
T2,ownership_difference,diff,-0.008703228356401029,0.011446068260762141,0.44753349969768846,359,-0.0312129968092972,0.013806540096495143,3240,360,151,209,1.0
T2,size_group0,digital,0.12270846351648963,0.0071389789050017504,9.72790596809896e-40,179,0.10862107765117002,0.13679584938180925,1620,180,64,116,
T2,size_group1,digital,0.12015408343413383,0.006486314522726379,1.7892119092491708e-43,179,0.107354603740833,0.13295356312743467,1620,180,87,93,
T2,size_difference,diff,-0.0025543800823557895,0.009633628184428275,0.7910442079391611,359,-0.021499814868565593,0.016391054703854012,3240,360,151,209,1.0
